2026-09-01T06:37:54-05:00	5434	66795	523	200
2026-09-01T06:38:01-05:00	7303	67398	786	200
2026-09-01T06:38:10-05:00	8950	68214	1046	200
2026-09-01T06:38:14-05:00	3850	69294	357	200
2026-09-01T06:38:24-05:00	82848	88169	3908	200
2026-09-01T06:38:26-05:00	11756	70080	1154	200
2026-09-01T06:38:32-05:00	5691	71262	604	200
2026-09-01T06:38:32-05:00	5880	2364	603	200
2026-09-01T06:38:55-05:00	23575	96878	1	200
2026-09-01T06:39:16-05:00	44372	72153	935	200
2026-09-01T06:39:31-05:00	58396	61656	236	200
2026-09-01T06:39:37-05:00	5804	67247	268	200
2026-09-01T06:39:42-05:00	4807	68776	457	200
2026-09-01T06:39:44-05:00	2039	69251	118	200
2026-09-01T06:39:47-05:00	2822	69843	237	200
2026-09-01T06:39:50-05:00	2495	70117	188	200
2026-09-01T06:39:53-05:00	2680	70415	203	200
2026-09-01T06:39:55-05:00	2044	70837	170	200
2026-09-01T06:39:56-05:00	60503	19375	2115	200
2026-09-01T06:40:00-05:00	5363	71025	188	200
2026-09-01T06:40:03-05:00	2314	71476	179	200
2026-09-01T06:40:11-05:00	8620	71681	857	200
2026-09-01T06:40:22-05:00	11007	76904	953	200
2026-09-01T06:40:26-05:00	3277	81068	168	200
2026-09-01T06:40:28-05:00	32004	24469	2063	200
2026-09-01T06:40:35-05:00	9573	83495	725	200
2026-09-01T06:40:42-05:00	6471	86188	511	200
2026-09-01T06:40:50-05:00	17778	29998	1327	200
2026-09-01T06:40:50-05:00	194	199	6	200
2026-09-01T06:40:51-05:00	192	226	6	200
2026-09-01T06:40:53-05:00	2335	31355	146	200
2026-09-01T06:40:59-05:00	16981	88739	1368	200
2026-09-01T06:41:01-05:00	2403	90156	115	200
2026-09-01T06:41:18-05:00	3145	90520	248	200
2026-09-01T06:41:25-05:00	5358	90865	505	200
2026-09-01T06:41:35-05:00	8006	91428	674	200
2026-09-01T06:41:41-05:00	6024	92610	555	200
2026-09-01T06:41:45-05:00	2109	93183	148	200
2026-09-01T06:41:52-05:00	6394	93790	623	200
2026-09-01T06:41:53-05:00	792	94431	1	200
2026-09-01T06:41:59-05:00	63482	33482	4706	200
2026-09-01T06:47:40-05:00	347495	52601	11588	200
2026-09-01T06:47:58-05:00	244835	73511	174	200
2026-09-01T06:48:06-05:00	25917	6808	981	200
2026-09-01T06:48:12-05:00	13790	74727	500	200
2026-09-01T06:48:19-05:00	13090	39920	133	200
2026-09-01T06:48:42-05:00	30167	76747	574	200
2026-09-01T06:48:52-05:00	32532	40152	438	200
2026-09-01T06:48:59-05:00	6722	40944	592	200
2026-09-01T06:49:04-05:00	5005	41712	443	200
2026-09-01T06:49:10-05:00	6632	42699	623	200
2026-09-01T06:49:16-05:00	5398	44287	457	200
2026-09-01T06:49:19-05:00	2878	45009	226	200
2026-09-01T06:49:21-05:00	2386	45472	208	200
2026-09-01T06:50:14-05:00	494523	51291	15925	200
2026-09-01T06:50:24-05:00	10318	67315	707	200
2026-09-01T06:51:16-05:00	51416	88173	2977	200
2026-09-01T06:51:21-05:00	119696	45789	8783	200
2026-09-01T06:51:34-05:00	18102	91539	708	200
2026-09-01T06:52:04-05:00	30447	92540	715	200
2026-09-01T06:52:07-05:00	2094	94906	1	200
2026-09-01T06:52:36-05:00	75365	55136	3569	200
2026-09-01T06:52:42-05:00	5162	58847	321	200
2026-09-01T06:53:59-05:00	77679	59453	8645	200
2026-09-01T06:54:02-05:00	115480	29931	13107	200
2026-09-01T06:54:10-05:00	10733	68122	1026	200
2026-09-01T06:54:26-05:00	16097	69173	211	200
2026-09-01T06:54:33-05:00	6477	69436	773	200
2026-09-01T06:54:38-05:00	35378	19331	1973	200
2026-09-01T06:54:53-05:00	19807	70228	1606	200
2026-09-01T06:55:23-05:00	30516	71853	1673	200
2026-09-01T06:56:15-05:00	96976	47464	2652	200
2026-09-01T06:56:22-05:00	7523	54832	427	200
2026-09-01T06:56:33-05:00	69501	73545	1810	200
2026-09-01T06:56:34-05:00	11768	56909	1160	200
2026-09-01T06:56:36-05:00	3635	75385	193	200
2026-09-01T06:56:39-05:00	2244	75815	179	200
2026-09-01T06:56:43-05:00	9070	59317	666	200
2026-09-01T06:56:45-05:00	6092	76040	454	200
2026-09-01T06:56:47-05:00	2250	76546	143	200
2026-09-01T06:56:50-05:00	2078	76804	124	200
2026-09-01T06:56:54-05:00	11208	61091	865	200
2026-09-01T06:57:07-05:00	12631	63060	1101	200
2026-09-01T06:57:27-05:00	35179	77274	2917	200
2026-09-01T06:57:29-05:00	1773	80243	110	200
2026-09-01T06:57:31-05:00	1857	80755	120	200
2026-09-01T06:57:42-05:00	6286	81499	546	200
2026-09-01T06:57:48-05:00	2651	82108	211	200
2026-09-01T06:57:50-05:00	1791	82371	108	200
2026-09-01T06:57:53-05:00	3325	82523	247	200
2026-09-01T06:57:54-05:00	47441	64950	4717	200
2026-09-01T06:58:02-05:00	5417	82966	476	200
2026-09-01T06:58:31-05:00	29323	83899	3070	200
2026-09-01T06:58:36-05:00	4688	87021	364	200
2026-09-01T06:58:47-05:00	5462	87657	433	200
2026-09-01T06:58:50-05:00	3026	88807	228	200
2026-09-01T06:58:54-05:00	3634	91725	208	200
2026-09-01T06:59:04-05:00	10048	92049	1001	200
2026-09-01T06:59:07-05:00	3243	93100	198	200
2026-09-01T06:59:14-05:00	6763	93642	642	200
2026-09-01T06:59:46-05:00	111020	71117	10564	200
2026-09-01T07:00:27-05:00	41490	81815	3118	200
2026-09-01T07:00:44-05:00	17328	84982	2250	200
2026-09-01T07:00:56-05:00	11601	87253	1398	200
2026-09-01T07:01:03-05:00	7061	88671	768	200
2026-09-01T07:01:11-05:00	7746	89504	799	200
2026-09-01T07:01:19-05:00	7882	90559	692	200
2026-09-01T07:01:27-05:00	132776	55066	13107	200
2026-09-01T07:01:35-05:00	8080	41376	188	200
2026-09-01T07:01:51-05:00	15848	42487	1774	200
2026-09-01T07:01:53-05:00	2329	44884	138	200
2026-09-01T07:02:04-05:00	10783	45185	1460	200
2026-09-01T07:02:06-05:00	2528	46694	184	200
2026-09-01T07:02:08-05:00	1835	46898	152	200
2026-09-01T07:02:10-05:00	2132	47163	205	200
2026-09-01T07:02:13-05:00	1468	47917	96	200
2026-09-01T07:02:16-05:00	1555	48099	140	200
2026-09-01T07:02:19-05:00	1463	48307	135	200
2026-09-01T07:02:22-05:00	1663	48630	156	200
2026-09-01T07:02:24-05:00	2020	48836	175	200
2026-09-01T07:02:28-05:00	2353	49088	188	200
2026-09-01T07:02:37-05:00	2773	49843	258	200
2026-09-01T07:02:39-05:00	80364	33338	8816	200
2026-09-01T07:02:42-05:00	4650	50230	336	200
2026-09-01T07:02:45-05:00	2079	50652	175	200
2026-09-01T07:02:49-05:00	4256	51102	365	200
2026-09-01T07:03:03-05:00	14113	51634	1418	200
2026-09-01T07:03:17-05:00	37268	11248	3940	200
2026-09-01T07:03:27-05:00	10370	49681	225	200
2026-09-01T07:03:27-05:00	23761	53179	1838	200
2026-09-01T07:03:33-05:00	5981	50675	616	200
2026-09-01T07:03:43-05:00	9821	55220	917	200
2026-09-01T07:03:47-05:00	4286	56449	417	200
2026-09-01T07:03:51-05:00	2179	57015	168	200
2026-09-01T07:04:08-05:00	12034	57364	1205	200
2026-09-01T07:04:29-05:00	21238	59356	2069	200
2026-09-01T07:04:54-05:00	25109	62793	2914	200
2026-09-01T07:04:58-05:00	3265	65754	350	200
2026-09-01T07:04:59-05:00	853	3590	45	200
2026-09-01T07:05:01-05:00	1172	5211	83	200
2026-09-01T07:05:10-05:00	12329	66392	1081	200
2026-09-01T07:05:13-05:00	12214	10756	1231	200
2026-09-01T07:05:54-05:00	41279	21085	4230	200
2026-09-01T07:05:58-05:00	3405	27806	273	200
2026-09-01T07:06:46-05:00	48865	30134	4740	200
2026-09-01T07:06:49-05:00	1988	35679	122	200
2026-09-01T07:07:35-05:00	45858	37109	5115	200
2026-09-01T07:08:11-05:00	35777	68624	2348	200
2026-09-01T07:09:05-05:00	54018	72251	5584	200
2026-09-01T07:09:19-05:00	13023	56857	219	200
2026-09-01T07:09:21-05:00	15796	78414	375	200
2026-09-01T07:09:21-05:00	1625	57163	101	200
2026-09-01T07:09:23-05:00	2396	57560	165	200
2026-09-01T07:10:23-05:00	59837	59092	5771	200
2026-09-01T07:10:33-05:00	10186	69145	888	200
2026-09-01T07:10:36-05:00	3007	71013	219	200
2026-09-01T07:10:38-05:00	2120	72181	134	200
2026-09-01T07:10:40-05:00	1339	72456	88	200
2026-09-01T07:11:48-05:00	68235	72691	6687	200
2026-09-01T07:11:50-05:00	1914	79392	119	200
2026-09-01T07:13:22-05:00	92577	79800	10555	200
2026-09-01T07:13:44-05:00	21427	90528	2287	200
2026-09-01T07:13:47-05:00	2790	93020	207	200
2026-09-01T07:13:50-05:00	2843	93308	227	200
2026-09-01T07:13:53-05:00	3308	94085	261	200
2026-09-01T07:13:55-05:00	1613	95443	1	200
2026-09-01T07:15:28-05:00	93474	49567	13107	200
2026-09-01T07:15:43-05:00	14330	12002	1676	200
2026-09-01T07:16:03-05:00	20959	42859	1635	200
2026-09-01T07:16:09-05:00	5436	44654	555	200
2026-09-01T07:16:14-05:00	4630	45299	461	200
2026-09-01T07:16:15-05:00	1619	46392	108	200
2026-09-01T07:16:20-05:00	4753	47480	495	200
2026-09-01T07:16:24-05:00	3646	55715	126	200
2026-09-01T07:17:16-05:00	52588	60354	6060	200
2026-09-01T07:17:21-05:00	4160	67479	267	200
2026-09-01T07:17:22-05:00	1524	68746	76	200
2026-09-01T07:18:47-05:00	85415	69029	9516	200
2026-09-01T07:18:56-05:00	8109	78728	664	200
2026-09-01T07:19:21-05:00	25021	79600	3040	200
2026-09-01T07:19:34-05:00	12866	82665	1778	200
2026-09-01T07:19:47-05:00	13480	84468	1825	200
2026-09-01T07:20:03-05:00	16277	86318	2109	200
2026-09-01T07:20:20-05:00	16066	88452	2193	200
2026-09-01T07:20:32-05:00	12373	90670	1583	200
2026-09-01T07:20:44-05:00	12393	92278	1230	200
2026-09-01T07:20:49-05:00	4300	93601	422	200
2026-09-01T07:20:52-05:00	2784	94075	157	200
2026-09-01T07:20:53-05:00	1167	94261	1	200
2026-09-01T07:22:24-05:00	91029	52906	12300	200
2026-09-01T07:22:31-05:00	6997	41013	109	200
2026-09-01T07:22:49-05:00	18035	41369	2419	200
2026-09-01T07:22:50-05:00	1330	43813	118	200
2026-09-01T07:22:52-05:00	1269	43949	95	200
2026-09-01T07:23:07-05:00	15096	45412	2047	200
2026-09-01T07:23:10-05:00	3686	47508	362	200
2026-09-01T07:23:13-05:00	3068	47919	270	200
2026-09-01T07:23:20-05:00	6242	49348	609	200
2026-09-01T07:23:28-05:00	7475	50009	708	200
2026-09-01T07:23:30-05:00	1663	50735	131	200
2026-09-01T07:23:32-05:00	2030	50897	160	200
2026-09-01T07:23:35-05:00	3253	51127	342	200
2026-09-01T07:23:40-05:00	4037	52474	432	200
2026-09-01T07:23:42-05:00	2776	52958	314	200
2026-09-01T07:23:49-05:00	2441	53387	268	200
2026-09-01T07:23:57-05:00	5496	53948	569	200
2026-09-01T07:23:59-05:00	1740	54569	155	200
2026-09-01T07:24:02-05:00	2686	54786	298	200
2026-09-01T07:24:08-05:00	2765	55200	272	200
2026-09-01T07:24:34-05:00	1861	55519	163	200
2026-09-01T07:24:36-05:00	1855	56033	126	200
2026-09-01T07:24:56-05:00	19971	57765	2741	200
2026-09-01T07:25:05-05:00	8761	60573	1130	200
2026-09-01T07:25:11-05:00	6930	61758	932	200
2026-09-01T07:25:17-05:00	5549	62745	568	200
2026-09-01T07:25:19-05:00	2286	63368	215	200
2026-09-01T07:25:22-05:00	1802	63847	124	200
2026-09-01T07:25:25-05:00	1829	64119	115	200
2026-09-01T07:25:35-05:00	3244	64487	309	200
2026-09-01T07:25:39-05:00	3818	65037	349	200
2026-09-01T07:25:43-05:00	4145	65416	392	200
2026-09-01T07:25:49-05:00	5477	65921	561	200
2026-09-01T07:26:04-05:00	15292	81578	1016	200
2026-09-01T07:26:11-05:00	5572	83379	420	200
2026-09-01T07:26:13-05:00	2196	83923	151	200
2026-09-01T07:26:16-05:00	2441	84508	185	200
2026-09-01T07:26:20-05:00	4030	84876	315	200
2026-09-01T07:26:24-05:00	3272	85971	239	200
2026-09-01T07:26:28-05:00	3842	87026	326	200
2026-09-01T07:26:32-05:00	3587	88420	259	200
2026-09-01T07:26:37-05:00	4786	89145	492	200
2026-09-01T07:26:44-05:00	7121	89723	699	200
2026-09-01T07:26:53-05:00	9159	93335	914	200
2026-09-01T07:26:55-05:00	2168	97061	1	200
2026-09-01T07:28:17-05:00	81139	60977	10551	200
2026-09-01T07:29:18-05:00	61117	31131	6112	200
2026-09-01T07:29:21-05:00	3310	37508	305	200
2026-09-01T07:29:25-05:00	3517	38128	325	200
2026-09-01T07:29:29-05:00	4021	39125	431	200
2026-09-01T07:29:32-05:00	3154	39932	284	200
2026-09-01T07:29:43-05:00	11538	40617	1315	200
2026-09-01T07:30:18-05:00	33965	79872	1761	200
2026-09-01T07:30:29-05:00	11521	82760	1157	200
2026-09-01T07:30:41-05:00	4464	84096	466	200
2026-09-01T07:30:48-05:00	6680	85395	597	200
2026-09-01T07:30:57-05:00	8583	87438	740	200
2026-09-01T07:31:00-05:00	3327	88791	200	200
2026-09-01T07:31:19-05:00	19193	89289	2099	200
2026-09-01T07:31:23-05:00	3146	91418	313	200
2026-09-01T07:31:25-05:00	1243	3611	90	200
2026-09-01T07:31:27-05:00	1680	5348	139	200
2026-09-01T07:31:29-05:00	6462	92017	406	200
2026-09-01T07:31:40-05:00	13253	10403	387	200
2026-09-01T07:32:02-05:00	22119	25359	1737	200
2026-09-01T07:32:04-05:00	2484	28499	148	200
2026-09-01T07:32:06-05:00	1550	30280	95	200
2026-09-01T07:33:05-05:00	96107	52049	12048	200
2026-09-01T07:33:23-05:00	17452	50147	951	200
2026-09-01T07:33:25-05:00	78509	32432	6469	200
2026-09-01T07:33:28-05:00	5028	51355	175	200
2026-09-01T07:33:32-05:00	7536	42263	430	200
2026-09-01T07:33:43-05:00	14858	52118	1359	200
2026-09-01T07:33:46-05:00	2877	54603	177	200
2026-09-01T07:33:51-05:00	5661	55730	550	200
2026-09-01T07:33:54-05:00	2504	56547	169	200
2026-09-01T07:34:02-05:00	7809	57308	736	200
2026-09-01T07:34:06-05:00	3987	59239	347	200
2026-09-01T07:34:08-05:00	1918	60383	128	200
2026-09-01T07:34:31-05:00	58743	43728	4772	200
2026-09-01T07:34:35-05:00	27802	61751	2459	200
2026-09-01T07:35:07-05:00	35933	48851	3687	200
2026-09-01T07:35:21-05:00	45483	65005	4503	200
2026-09-01T07:35:40-05:00	18758	71290	1892	200
2026-09-01T07:35:44-05:00	4520	73884	390	200
2026-09-01T07:35:48-05:00	3949	76815	282	200
2026-09-01T07:36:06-05:00	18098	78355	2045	200
2026-09-01T07:36:13-05:00	6446	80565	756	200
2026-09-01T07:36:19-05:00	6010	81376	678	200
2026-09-01T07:36:23-05:00	4154	82115	396	200
2026-09-01T07:36:30-05:00	6364	82621	789	200
2026-09-01T07:36:35-05:00	5611	83458	642	200
2026-09-01T07:36:59-05:00	23465	84345	2990	200
2026-09-01T07:37:03-05:00	4125	87383	443	200
2026-09-01T07:37:11-05:00	8220	87874	976	200
2026-09-01T07:37:14-05:00	2579	88899	207	200
2026-09-01T07:37:24-05:00	4644	89227	453	200
2026-09-01T07:37:32-05:00	8005	89907	795	200
2026-09-01T07:37:59-05:00	27066	91493	2588	200
2026-09-01T07:39:29-05:00	89966	35715	13107	200
2026-09-01T07:39:54-05:00	24601	12770	2742	200
2026-09-01T07:40:07-05:00	12729	53662	411	200
2026-09-01T07:41:11-05:00	64003	54144	7318	200
2026-09-01T07:41:24-05:00	13225	61668	1741	200
2026-09-01T07:41:41-05:00	17358	63438	2409	200
2026-09-01T07:41:45-05:00	3439	65964	355	200
2026-09-01T07:41:56-05:00	10702	66558	1185	200
2026-09-01T07:42:00-05:00	4225	67771	468	200
2026-09-01T07:42:14-05:00	13605	68529	253	200
2026-09-01T07:42:32-05:00	30696	58223	620	200
2026-09-01T07:42:36-05:00	3912	63182	121	200
2026-09-01T07:42:37-05:00	23574	68953	669	200
2026-09-01T07:42:40-05:00	3836	64978	298	200
2026-09-01T07:43:10-05:00	30037	75889	3262	200
2026-09-01T07:43:16-05:00	5988	82253	497	200
2026-09-01T07:43:23-05:00	6883	86650	542	200
2026-09-01T07:43:32-05:00	9311	89473	875	200
2026-09-01T07:43:43-05:00	10640	93449	863	200
2026-09-01T07:43:44-05:00	1766	95917	1	200
2026-09-01T07:44:50-05:00	65276	55202	8246	200
2026-09-01T07:44:56-05:00	6293	4296	826	200
2026-09-01T07:45:02-05:00	5587	33674	126	200
2026-09-01T07:45:04-05:00	1970	36080	145	200
2026-09-01T07:45:06-05:00	2004	37627	166	200
2026-09-01T07:45:09-05:00	3168	39753	253	200
2026-09-01T07:45:11-05:00	2437	40445	175	200
2026-09-01T07:45:14-05:00	2563	41359	210	200
2026-09-01T07:45:16-05:00	2135	41632	140	200
2026-09-01T07:45:24-05:00	7357	41894	760	200
2026-09-01T07:45:39-05:00	15603	46457	1553	200
2026-09-01T07:45:41-05:00	1719	48297	110	200
2026-09-01T07:45:43-05:00	1806	48425	168	200
2026-09-01T07:45:44-05:00	1436	48609	125	200
2026-09-01T07:45:46-05:00	1537	48849	121	200
2026-09-01T07:45:47-05:00	1479	48988	107	200
2026-09-01T07:45:50-05:00	2503	49439	200	200
2026-09-01T07:45:51-05:00	1602	50454	124	200
2026-09-01T07:48:09-05:00	137914	51164	14652	200
2026-09-01T07:48:15-05:00	5724	67225	212	200
2026-09-01T07:48:20-05:00	4329	68949	406	200
2026-09-01T07:48:26-05:00	6063	70748	522	200
2026-09-01T07:48:29-05:00	2993	72774	196	200
2026-09-01T07:48:33-05:00	4017	74533	358	200
2026-09-01T07:49:38-05:00	65148	76474	6702	200
2026-09-01T07:49:40-05:00	2371	83881	122	200
2026-09-01T07:49:44-05:00	3921	84986	316	200
2026-09-01T07:50:49-05:00	64643	86848	7452	200
2026-09-01T07:52:04-05:00	74715	48031	10081	200
2026-09-01T07:53:50-05:00	106215	27019	10864	200
2026-09-01T07:53:59-05:00	9490	38497	932	200
2026-09-01T07:54:11-05:00	11355	40067	1154	200
2026-09-01T07:54:21-05:00	10245	41594	1101	200
2026-09-01T07:56:03-05:00	101515	44076	13009	200
2026-09-01T07:56:12-05:00	9687	57137	1391	200
2026-09-01T07:56:22-05:00	9209	58578	1343	200
2026-09-01T07:56:30-05:00	8568	59971	1203	200
2026-09-01T07:56:40-05:00	10321	61224	1537	200
2026-09-01T07:56:42-05:00	1817	62811	139	200
2026-09-01T07:56:57-05:00	14209	63494	2059	200
2026-09-01T07:57:08-05:00	11178	65603	1602	200
2026-09-01T07:57:10-05:00	1950	67255	127	200
2026-09-01T07:57:11-05:00	1504	67663	115	200
2026-09-01T07:57:13-05:00	1701	67828	132	200
2026-09-01T07:57:19-05:00	5774	68361	579	200
2026-09-01T07:57:25-05:00	6057	69347	742	200
2026-09-01T07:57:27-05:00	2316	70141	164	200
2026-09-01T07:57:30-05:00	2503	70630	173	200
2026-09-01T07:57:32-05:00	1944	71097	143	200
2026-09-01T07:58:41-05:00	69109	72085	5671	200
2026-09-01T07:59:02-05:00	21233	78146	131	200
2026-09-01T07:59:11-05:00	9110	78560	1052	200
2026-09-01T07:59:15-05:00	3251	79675	217	200
2026-09-01T07:59:19-05:00	70439	69669	3044	200
2026-09-01T07:59:23-05:00	8286	80151	537	200
2026-09-01T07:59:46-05:00	23334	80751	407	200
2026-09-01T07:59:51-05:00	4773	81430	502	200
2026-09-01T07:59:54-05:00	2943	81982	156	200
2026-09-01T08:00:03-05:00	43987	73058	1978	200
2026-09-01T08:00:14-05:00	10991	75551	675	200
2026-09-01T08:00:18-05:00	3068	76267	219	200
2026-09-01T08:00:33-05:00	7670	76557	632	200
2026-09-01T08:00:35-05:00	2109	77276	105	200
2026-09-01T08:00:37-05:00	1981	78096	120	200
2026-09-01T08:00:41-05:00	46873	82156	4707	200
2026-09-01T08:01:21-05:00	43502	78943	2032	200
2026-09-01T08:01:43-05:00	22044	81146	212	200
2026-09-01T08:01:46-05:00	2969	81401	92	200
2026-09-01T08:01:53-05:00	72529	86898	4012	200
2026-09-01T08:01:58-05:00	4600	90945	142	200
2026-09-01T08:02:01-05:00	2679	91174	184	200
2026-09-01T08:02:02-05:00	16144	81509	1304	200
2026-09-01T08:02:26-05:00	23711	82849	219	200
2026-09-01T08:02:28-05:00	26837	91379	504	200
2026-09-01T08:02:53-05:00	25564	91941	103	200
2026-09-01T08:02:55-05:00	1984	92148	109	200
2026-09-01T08:02:59-05:00	33359	83435	720	200
2026-09-01T08:02:59-05:00	3677	92306	254	200
2026-09-01T08:03:25-05:00	24970	92739	194	200
2026-09-01T08:03:31-05:00	3066	93021	185	200
2026-09-01T08:03:35-05:00	2242	93429	154	200
2026-09-01T08:03:40-05:00	3470	94077	200	200
2026-09-01T08:05:12-05:00	91631	72055	11042	200
2026-09-01T08:05:28-05:00	148914	19966	13107	200
2026-09-01T08:05:34-05:00	21914	37982	1219	200
2026-09-01T08:05:43-05:00	8989	39532	723	200
2026-09-01T08:05:47-05:00	4192	40760	386	200
2026-09-01T08:05:50-05:00	21319	28955	1753	200
2026-09-01T08:05:57-05:00	10502	41198	372	200
2026-09-01T08:06:07-05:00	17264	43385	395	200
2026-09-01T08:06:09-05:00	12097	41754	356	200
2026-09-01T08:06:12-05:00	2502	42151	228	200
2026-09-01T08:06:14-05:00	2385	42419	231	200
2026-09-01T08:06:14-05:00	6582	44564	400	200
2026-09-01T08:06:16-05:00	1489	42702	120	200
2026-09-01T08:06:33-05:00	15392	42876	1456	200
2026-09-01T08:06:53-05:00	19928	44504	1765	200
2026-09-01T08:06:56-05:00	2336	46356	160	200
2026-09-01T08:07:01-05:00	3465	46605	300	200
2026-09-01T08:07:08-05:00	1731	47157	157	200
2026-09-01T08:07:21-05:00	10890	47497	978	200
2026-09-01T08:07:25-05:00	4128	48578	374	200
2026-09-01T08:07:34-05:00	8935	49110	859	200
2026-09-01T08:07:44-05:00	8667	50017	868	200
2026-09-01T08:07:47-05:00	3329	50949	277	200
2026-09-01T08:08:03-05:00	15987	51278	1682	200
2026-09-01T08:08:05-05:00	1765	53038	162	200
2026-09-01T08:08:09-05:00	1417	53218	116	200
2026-09-01T08:08:12-05:00	2074	53597	177	200
2026-09-01T08:08:14-05:00	2292	53826	174	200
2026-09-01T08:08:19-05:00	2394	54190	197	200
2026-09-01T08:08:25-05:00	4346	54601	391	200
2026-09-01T08:08:29-05:00	4575	55044	488	200
2026-09-01T08:08:36-05:00	6640	55584	578	200
2026-09-01T08:08:48-05:00	12355	56359	1099	200
2026-09-01T08:08:54-05:00	5355	57476	561	200
2026-09-01T08:08:57-05:00	3409	58089	279	200
2026-09-01T08:08:59-05:00	1980	58529	155	200
2026-09-01T08:09:12-05:00	3075	58887	249	200
2026-09-01T08:09:24-05:00	11082	59353	1109	200
2026-09-01T08:09:26-05:00	2820	60851	215	200
2026-09-01T08:09:30-05:00	3235	61352	286	200
2026-09-01T08:09:50-05:00	20637	61892	2304	200
2026-09-01T08:10:15-05:00	24719	46288	1822	200
2026-09-01T08:10:17-05:00	1886	48452	171	200
2026-09-01T08:10:20-05:00	1628	48709	126	200
2026-09-01T08:10:23-05:00	1540	48946	117	200
2026-09-01T08:10:32-05:00	3327	49248	285	200
2026-09-01T08:10:38-05:00	5977	51031	519	200
2026-09-01T08:10:52-05:00	13996	53047	1303	200
2026-09-01T08:10:57-05:00	4502	54771	384	200
2026-09-01T08:11:10-05:00	13721	55480	1500	200
2026-09-01T08:11:31-05:00	21040	57127	2200	200
2026-09-01T08:11:34-05:00	2780	59355	286	200
2026-09-01T08:11:36-05:00	937	3615	59	200
2026-09-01T08:11:40-05:00	5337	59926	468	200
2026-09-01T08:11:41-05:00	4555	5090	401	200
2026-09-01T08:11:47-05:00	7733	60548	698	200
2026-09-01T08:12:00-05:00	19275	9362	2106	200
2026-09-01T08:12:02-05:00	1585	11740	168	200
2026-09-01T08:12:06-05:00	3865	16046	354	200
2026-09-01T08:12:08-05:00	2697	20618	244	200
2026-09-01T08:12:14-05:00	5796	27186	534	200
2026-09-01T08:12:20-05:00	5862	36346	422	200
2026-09-01T08:12:23-05:00	2392	38876	153	200
2026-09-01T08:12:36-05:00	13710	42211	1449	200
2026-09-01T08:13:37-05:00	61026	46987	6734	200
2026-09-01T08:13:52-05:00	14216	57315	1460	200
2026-09-01T08:14:16-05:00	24606	62898	2548	200
2026-09-01T08:14:38-05:00	21206	68886	2270	200
2026-09-01T08:14:40-05:00	2576	73448	97	200
2026-09-01T08:14:53-05:00	12437	75429	1167	200
2026-09-01T08:14:55-05:00	2779	78848	142	200
2026-09-01T08:15:03-05:00	7739	79827	767	200
2026-09-01T08:15:21-05:00	17737	82666	1569	200
2026-09-01T08:15:45-05:00	24271	86207	2312	200
2026-09-01T08:15:51-05:00	5695	89828	450	200
2026-09-01T08:15:59-05:00	8248	90453	798	200
2026-09-01T08:16:03-05:00	4239	91536	348	200
2026-09-01T08:16:09-05:00	5785	94548	517	200
2026-09-01T08:16:26-05:00	16664	28510	1481	200
2026-09-01T08:16:38-05:00	12073	25428	1115	200
2026-09-01T08:16:43-05:00	5352	26623	461	200
2026-09-01T08:16:46-05:00	2080	27111	174	200
2026-09-01T08:16:50-05:00	4563	27335	517	200
2026-09-01T08:16:53-05:00	2833	33612	170	200
2026-09-01T08:17:08-05:00	15033	35014	1632	200
2026-09-01T08:18:45-05:00	97029	36751	9680	200
2026-09-01T08:18:52-05:00	6959	47847	650	200
2026-09-01T08:19:27-05:00	34454	50402	2184	200
2026-09-01T08:19:48-05:00	54677	61310	3114	200
2026-09-01T08:19:58-05:00	31463	53997	1899	200
2026-09-01T08:20:06-05:00	7513	57659	569	200
2026-09-01T08:20:09-05:00	20681	64990	1522	200
2026-09-01T08:20:11-05:00	2480	66530	203	200
2026-09-01T08:20:14-05:00	2921	66813	206	200
2026-09-01T08:20:17-05:00	2667	67094	230	200
2026-09-01T08:20:32-05:00	14248	67369	1222	200
2026-09-01T08:20:36-05:00	4144	68727	404	200
2026-09-01T08:20:45-05:00	9101	69167	895	200
2026-09-01T08:21:42-05:00	96766	59808	9372	200
2026-09-01T08:22:02-05:00	19618	70546	2186	200
2026-09-01T08:22:20-05:00	17784	73942	1798	200
2026-09-01T08:22:51-05:00	30765	77985	2933	200
2026-09-01T08:23:18-05:00	27408	84892	2586	200
2026-09-01T08:23:35-05:00	16738	90710	1540	200
2026-09-01T08:23:39-05:00	3819	93721	193	200
2026-09-01T08:24:25-05:00	45900	51830	5197	200
2026-09-01T08:24:41-05:00	16371	27770	1498	200
2026-09-01T08:24:57-05:00	15672	30543	1642	200
2026-09-01T08:25:22-05:00	25490	33331	2683	200
2026-09-01T08:26:01-05:00	38870	36287	5245	200
2026-09-01T08:27:02-05:00	60605	71722	4781	200
2026-09-01T08:27:06-05:00	3859	76811	348	200
2026-09-01T08:27:08-05:00	2630	78064	185	200
2026-09-01T08:27:34-05:00	25913	78457	2445	200
2026-09-01T08:27:39-05:00	4951	82235	357	200
2026-09-01T08:27:44-05:00	4746	83621	380	200
2026-09-01T08:28:23-05:00	38559	85133	4172	200
2026-09-01T08:28:26-05:00	3321	89815	228	200
2026-09-01T08:28:36-05:00	9680	90330	1119	200
2026-09-01T08:28:39-05:00	2698	91505	147	200
2026-09-01T08:28:47-05:00	8525	91670	1010	200
2026-09-01T08:28:58-05:00	11174	93117	1257	200
2026-09-01T08:29:00-05:00	1178	94351	1	200
2026-09-01T08:30:50-05:00	110532	45984	13107	200
2026-09-01T08:31:05-05:00	14857	7991	1624	200
2026-09-01T08:31:23-05:00	17689	48235	1529	200
2026-09-01T08:31:27-05:00	4027	49826	380	200
2026-09-01T08:31:37-05:00	10497	50267	1554	200
2026-09-01T08:31:55-05:00	17800	51883	2416	200
2026-09-01T08:32:07-05:00	11920	54729	1738	200
2026-09-01T08:32:19-05:00	12236	56516	1555	200
2026-09-01T08:32:29-05:00	9840	58118	1108	200
2026-09-01T08:32:32-05:00	3094	59253	336	200
2026-09-01T08:32:35-05:00	2141	59711	203	200
2026-09-01T08:33:26-05:00	44088	60110	4563	200
2026-09-01T08:33:31-05:00	3146	6228	191	200
2026-09-01T08:33:42-05:00	14042	52904	134	200
2026-09-01T08:33:45-05:00	18556	65236	564	200
2026-09-01T08:33:48-05:00	6253	56110	208	200
2026-09-01T08:33:56-05:00	11194	65869	739	200
2026-09-01T08:34:10-05:00	21763	71210	976	200
2026-09-01T08:34:13-05:00	39995	18156	1997	200
2026-09-01T08:34:21-05:00	11169	73222	695	200
2026-09-01T08:34:24-05:00	10644	34738	618	200
2026-09-01T08:34:29-05:00	5067	50899	125	200
2026-09-01T08:34:38-05:00	16486	75059	809	200
2026-09-01T08:35:23-05:00	45475	76369	3139	200
2026-09-01T08:35:47-05:00	23967	79981	2415	200
2026-09-01T08:35:53-05:00	6071	82446	426	200
2026-09-01T08:35:56-05:00	2736	82924	183	200
2026-09-01T08:35:58-05:00	2410	83643	120	200
2026-09-01T08:36:00-05:00	91610	62640	5617	200
2026-09-01T08:36:01-05:00	1796	83848	130	200
2026-09-01T08:36:13-05:00	3346	84329	259	200
2026-09-01T08:36:18-05:00	4747	84643	399	200
2026-09-01T08:36:25-05:00	5194	85203	429	200
2026-09-01T08:36:26-05:00	23179	76370	1562	200
2026-09-01T08:36:28-05:00	717	705	79	200
2026-09-01T08:36:30-05:00	3350	8371	197	200
2026-09-01T08:36:31-05:00	4005	1851	49	200
2026-09-01T08:37:11-05:00	46864	85734	2185	200
2026-09-01T08:37:12-05:00	990	0	0	200
2026-09-01T08:37:29-05:00	57471	94914	1401	200
2026-09-01T08:37:35-05:00	3811	4337	392	200
2026-09-01T08:38:02-05:00	27258	97672	1	200
2026-09-01T08:38:10-05:00	57138	67382	1441	200
2026-09-01T08:38:16-05:00	13438	8942	1656	200
2026-09-01T08:38:27-05:00	9356	69198	385	200
2026-09-01T08:38:38-05:00	22038	40625	1346	200
2026-09-01T08:38:43-05:00	16004	70451	1435	200
2026-09-01T08:38:45-05:00	4353	7372	336	200
2026-09-01T08:38:50-05:00	6527	71939	176	200
2026-09-01T08:39:02-05:00	2752	72294	199	200
2026-09-01T08:39:06-05:00	21080	53753	1509	200
2026-09-01T08:39:15-05:00	12661	72631	1235	200
2026-09-01T08:39:18-05:00	11325	57020	780	200
2026-09-01T08:39:21-05:00	5903	73894	412	200
2026-09-01T08:39:26-05:00	4645	74591	445	200
2026-09-01T08:39:27-05:00	4865	3744	102	200
2026-09-01T08:39:34-05:00	8038	75100	665	200
2026-09-01T08:39:47-05:00	20295	5907	1265	200
2026-09-01T08:39:52-05:00	4736	9365	418	200
2026-09-01T08:40:04-05:00	12244	12383	1448	200
2026-09-01T08:40:17-05:00	12104	14508	1265	200
2026-09-01T08:40:31-05:00	14545	17593	1464	200
2026-09-01T08:40:40-05:00	8921	20383	922	200
2026-09-01T08:40:42-05:00	1770	22048	129	200
2026-09-01T08:40:57-05:00	15469	31628	1562	200
2026-09-01T08:41:10-05:00	12624	34220	1213	200
2026-09-01T08:41:27-05:00	128054	59205	12628	200
2026-09-01T08:41:28-05:00	1579	71890	88	200
2026-09-01T08:41:44-05:00	33762	35569	3331	200
2026-09-01T08:42:24-05:00	55606	72387	8063	200
2026-09-01T08:42:26-05:00	1854	80548	138	200
2026-09-01T08:42:36-05:00	10191	80842	1186	200
2026-09-01T08:42:37-05:00	989	0	0	200
2026-09-01T08:42:55-05:00	71506	42395	5845	200
2026-09-01T08:43:10-05:00	33219	83886	1494	200
2026-09-01T08:43:45-05:00	34619	87531	3450	200
2026-09-01T08:44:17-05:00	23963	91702	2679	200
2026-09-01T08:45:45-05:00	88351	51814	11741	200
2026-09-01T08:46:11-05:00	25801	3550	3055	200
2026-09-01T08:46:37-05:00	26411	47460	2253	200
2026-09-01T08:46:45-05:00	7443	50229	773	200
2026-09-01T08:46:49-05:00	4126	51027	382	200
2026-09-01T08:46:56-05:00	6528	52244	652	200
2026-09-01T08:47:09-05:00	13081	54588	1372	200
2026-09-01T08:47:49-05:00	40024	56012	4339	200
2026-09-01T08:48:29-05:00	40525	62310	4813	200
2026-09-01T08:48:37-05:00	7996	67876	709	200
2026-09-01T08:49:52-05:00	74865	70239	8902	200
2026-09-01T08:49:57-05:00	4697	79240	505	200
2026-09-01T08:50:34-05:00	37430	79941	5048	200
2026-09-01T08:50:54-05:00	19545	85038	2648	200
2026-09-01T08:50:57-05:00	3435	87702	333	200
2026-09-01T08:51:00-05:00	2376	88071	223	200
2026-09-01T08:51:05-05:00	5495	88474	658	200
2026-09-01T08:51:15-05:00	9550	89187	1154	200
2026-09-01T08:51:36-05:00	21047	90553	2634	200
2026-09-01T08:51:45-05:00	8395	93215	861	200
2026-09-01T08:51:46-05:00	1184	94362	1	200
2026-09-01T08:52:46-05:00	60082	29238	7760	200
2026-09-01T08:53:01-05:00	15235	27143	1504	200
2026-09-01T08:53:08-05:00	7183	40314	125	200
2026-09-01T08:53:10-05:00	2151	42375	173	200
2026-09-01T08:53:12-05:00	1700	42623	136	200
2026-09-01T08:53:17-05:00	4534	55731	118	200
2026-09-01T08:53:44-05:00	118167	29276	13107	200
2026-09-01T08:53:59-05:00	42085	60643	3380	200
2026-09-01T08:54:04-05:00	5231	67043	156	200
2026-09-01T08:54:12-05:00	27419	27181	2242	200
2026-09-01T08:54:22-05:00	10424	49645	121	200
2026-09-01T08:54:27-05:00	4548	50688	435	200
2026-09-01T08:54:30-05:00	26093	71481	1276	200
2026-09-01T08:54:34-05:00	7826	51597	371	200
2026-09-01T08:54:36-05:00	5726	75636	127	200
2026-09-01T08:54:38-05:00	2198	76445	145	200
2026-09-01T08:54:43-05:00	4407	78375	353	200
2026-09-01T08:54:44-05:00	9877	53520	559	200
2026-09-01T08:54:47-05:00	3895	78853	259	200
2026-09-01T08:54:51-05:00	2511	79147	194	200
2026-09-01T08:54:58-05:00	13227	54146	1303	200
2026-09-01T08:55:11-05:00	12800	55734	1398	200
2026-09-01T08:55:20-05:00	20726	45751	77	200
2026-09-01T08:55:39-05:00	28501	57201	890	200
2026-09-01T08:55:49-05:00	29401	47756	128	200
2026-09-01T08:55:51-05:00	1940	49570	85	200
2026-09-01T08:55:59-05:00	7950	62568	368	200
2026-09-01T08:56:44-05:00	113055	79459	7209	200
2026-09-01T08:56:46-05:00	2542	86720	133	200
2026-09-01T08:56:56-05:00	56887	66133	4907	200
2026-09-01T08:57:26-05:00	29668	75159	2174	200
2026-09-01T08:57:31-05:00	5718	77452	281	200
2026-09-01T08:57:35-05:00	3866	78797	230	200
2026-09-01T08:57:37-05:00	2159	80545	101	200
2026-09-01T08:58:06-05:00	79223	87034	7208	200
2026-09-01T08:58:09-05:00	3313	98101	1	200
2026-09-01T08:58:43-05:00	65156	82366	4762	200
2026-09-01T08:58:49-05:00	6521	96352	89	200
2026-09-01T08:59:24-05:00	74611	35682	8875	200
2026-09-01T08:59:35-05:00	11176	12236	1281	200
2026-09-01T09:00:01-05:00	71822	40795	8769	200
2026-09-01T09:00:14-05:00	12923	10572	1432	200
2026-09-01T09:00:29-05:00	54600	36500	4816	200
2026-09-01T09:00:45-05:00	15064	41642	1831	200
2026-09-01T09:00:56-05:00	42105	35443	3122	200
2026-09-01T09:01:01-05:00	4551	42185	241	200
2026-09-01T09:01:02-05:00	17507	43496	2083	200
2026-09-01T09:01:07-05:00	6583	44099	469	200
2026-09-01T09:01:17-05:00	14708	45602	1771	200
2026-09-01T09:01:25-05:00	7700	47396	961	200
2026-09-01T09:01:45-05:00	37451	46496	3232	200
2026-09-01T09:01:47-05:00	2542	50742	191	200
2026-09-01T09:01:52-05:00	5101	51243	425	200
2026-09-01T09:01:54-05:00	1677	51775	152	200
2026-09-01T09:01:56-05:00	31628	48387	3990	200
2026-09-01T09:01:57-05:00	2638	51962	142	200
2026-09-01T09:01:59-05:00	2704	52402	150	200
2026-09-01T09:02:01-05:00	2451	52775	175	200
2026-09-01T09:02:02-05:00	4050	52524	264	200
2026-09-01T09:02:04-05:00	2653	52844	113	200
2026-09-01T09:02:11-05:00	6381	59029	387	200
2026-09-01T09:02:14-05:00	12769	55166	1071	200
2026-09-01T09:02:17-05:00	6045	61276	386	200
2026-09-01T09:02:20-05:00	2785	61770	208	200
2026-09-01T09:02:25-05:00	5657	63065	507	200
2026-09-01T09:02:30-05:00	15720	56287	1031	200
2026-09-01T09:02:31-05:00	5291	63695	488	200
2026-09-01T09:02:34-05:00	1988	57688	143	200
2026-09-01T09:02:36-05:00	2658	57881	195	200
2026-09-01T09:02:38-05:00	1802	58143	141	200
2026-09-01T09:02:44-05:00	13200	64423	1029	200
2026-09-01T09:02:44-05:00	4584	58638	364	200
2026-09-01T09:02:48-05:00	3176	59028	290	200
2026-09-01T09:02:52-05:00	4880	59671	388	200
2026-09-01T09:03:00-05:00	11254	66048	979	200
2026-09-01T09:03:03-05:00	2562	67267	179	200
2026-09-01T09:03:05-05:00	11688	60088	982	200
2026-09-01T09:03:06-05:00	3401	68221	224	200
2026-09-01T09:03:14-05:00	9019	61099	777	200
2026-09-01T09:03:18-05:00	11657	69244	976	200
2026-09-01T09:03:23-05:00	5012	71850	306	200
2026-09-01T09:03:45-05:00	22046	72216	2131	200
2026-09-01T09:03:50-05:00	35564	61928	3588	200
2026-09-01T09:03:58-05:00	7893	65581	684	200
2026-09-01T09:04:04-05:00	18780	75300	1673	200
2026-09-01T09:04:16-05:00	12190	58567	74	200
2026-09-01T09:04:40-05:00	42408	66536	4036	200
2026-09-01T09:04:45-05:00	5174	70624	561	200
2026-09-01T09:04:47-05:00	1965	71236	138	200
2026-09-01T09:04:54-05:00	5812	71662	419	200
2026-09-01T09:05:04-05:00	9965	72320	1025	200
2026-09-01T09:05:06-05:00	1781	73397	112	200
2026-09-01T09:05:12-05:00	2849	73634	185	200
2026-09-01T09:05:24-05:00	68404	59767	6231	200
2026-09-01T09:05:30-05:00	5438	66651	570	200
2026-09-01T09:05:42-05:00	26526	75544	1151	200
2026-09-01T09:05:59-05:00	34567	77172	873	200
2026-09-01T09:06:34-05:00	64204	67353	2697	200
2026-09-01T09:07:15-05:00	92979	77063	2901	200
2026-09-01T09:07:49-05:00	75119	70644	2316	200
2026-09-01T09:08:07-05:00	51851	80097	304	200
2026-09-01T09:08:44-05:00	54902	73624	2355	200
2026-09-01T09:09:19-05:00	71675	80451	2560	200
2026-09-01T09:09:39-05:00	54394	76075	533	200
2026-09-01T09:09:58-05:00	38990	83064	231	200
2026-09-01T09:10:09-05:00	2505	83526	153	200
2026-09-01T09:10:29-05:00	16479	84403	1613	200
2026-09-01T09:10:56-05:00	25754	86178	2979	200
2026-09-01T09:11:00-05:00	3246	89209	232	200
2026-09-01T09:11:12-05:00	4698	89521	395	200
2026-09-01T09:11:15-05:00	2113	89988	167	200
2026-09-01T09:11:18-05:00	2870	90855	204	200
2026-09-01T09:11:20-05:00	2738	91109	220	200
2026-09-01T09:11:23-05:00	2470	91623	206	200
2026-09-01T09:11:34-05:00	4677	91940	419	200
2026-09-01T09:11:43-05:00	6130	92524	511	200
2026-09-01T09:11:55-05:00	4193	93053	390	200
2026-09-01T09:12:01-05:00	3085	93722	227	200
2026-09-01T09:12:04-05:00	3082	94004	205	200
2026-09-01T09:12:06-05:00	1182	94349	1	200
2026-09-01T09:13:34-05:00	88013	57252	11542	200
2026-09-01T09:13:45-05:00	10981	43979	456	200
2026-09-01T09:13:47-05:00	2480	44460	197	200
2026-09-01T09:13:49-05:00	1902	44682	146	200
2026-09-01T09:13:59-05:00	9901	44859	922	200
2026-09-01T09:14:16-05:00	17149	45890	2013	200
2026-09-01T09:14:46-05:00	29496	78341	1452	200
2026-09-01T09:14:57-05:00	11054	79921	1018	200
2026-09-01T09:15:02-05:00	2335	81048	168	200
2026-09-01T09:15:15-05:00	6984	81466	681	200
2026-09-01T09:15:19-05:00	4790	82979	419	200
2026-09-01T09:15:22-05:00	2163	83563	162	200
2026-09-01T09:15:36-05:00	14712	84328	1429	200
2026-09-01T09:15:50-05:00	13193	85948	1410	200
2026-09-01T09:15:52-05:00	2169	87386	127	200
2026-09-01T09:15:56-05:00	3898	87615	362	200
2026-09-01T09:15:59-05:00	1561	3695	93	200
2026-09-01T09:16:00-05:00	1498	5093	118	200
2026-09-01T09:16:02-05:00	1919	7171	149	200
2026-09-01T09:16:26-05:00	29925	88262	3481	200
2026-09-01T09:16:28-05:00	25578	7354	2395	200
2026-09-01T09:16:29-05:00	1851	9866	157	200
2026-09-01T09:16:33-05:00	7012	91821	659	200
2026-09-01T09:16:48-05:00	18730	10051	1210	200
2026-09-01T09:16:52-05:00	3461	13307	236	200
2026-09-01T09:16:54-05:00	1893	13617	194	200
2026-09-01T09:16:55-05:00	968	13860	83	200
2026-09-01T09:16:56-05:00	1449	13979	152	200
2026-09-01T09:17:00-05:00	3937	14265	415	200
2026-09-01T09:17:01-05:00	1497	14735	139	200
2026-09-01T09:17:14-05:00	12354	24026	1185	200
2026-09-01T09:17:16-05:00	1745	25393	167	200
2026-09-01T09:17:18-05:00	2901	25642	349	200
2026-09-01T09:17:19-05:00	939	26105	56	200
2026-09-01T09:17:21-05:00	1930	26224	170	200
2026-09-01T09:17:39-05:00	17899	27037	1768	200
2026-09-01T09:17:40-05:00	1129	28964	105	200
2026-09-01T09:17:45-05:00	4745	29645	430	200
2026-09-01T09:17:51-05:00	6104	33848	559	200
2026-09-01T09:18:27-05:00	114180	44123	13107	200
2026-09-01T09:18:31-05:00	39562	41396	3847	200
2026-09-01T09:18:36-05:00	4807	46853	288	200
2026-09-01T09:18:40-05:00	4479	52355	265	200
2026-09-01T09:18:43-05:00	3158	53101	290	200
2026-09-01T09:18:48-05:00	20802	8025	1670	200
2026-09-01T09:18:59-05:00	11425	50712	285	200
2026-09-01T09:19:04-05:00	4059	51841	334	200
2026-09-01T09:19:26-05:00	42825	55405	4346	200
2026-09-01T09:19:28-05:00	1766	59841	148	200
2026-09-01T09:19:32-05:00	4180	61655	383	200
2026-09-01T09:19:35-05:00	2546	62615	195	200
2026-09-01T09:19:41-05:00	5857	63522	535	200
2026-09-01T09:19:48-05:00	6894	68349	523	200
2026-09-01T09:20:00-05:00	11607	70149	1224	200
2026-09-01T09:20:10-05:00	10564	71486	1037	200
2026-09-01T09:20:16-05:00	5423	72605	529	200
2026-09-01T09:20:30-05:00	14473	73221	1490	200
2026-09-01T09:20:34-05:00	4262	74749	354	200
2026-09-01T09:20:56-05:00	21726	75158	2260	200
2026-09-01T09:21:14-05:00	17546	77846	1919	200
2026-09-01T09:21:23-05:00	9179	52642	69	200
2026-09-01T09:21:31-05:00	7887	53675	745	200
2026-09-01T09:21:51-05:00	5492	54976	637	200
2026-09-01T09:22:08-05:00	14698	56370	1648	200
2026-09-01T09:22:28-05:00	19658	58071	165	200
2026-09-01T09:23:24-05:00	75891	80592	6722	200
2026-09-01T09:23:25-05:00	993	0	0	200
2026-09-01T09:23:59-05:00	34311	59707	2284	200
2026-09-01T09:24:03-05:00	3276	62377	222	200
2026-09-01T09:24:12-05:00	9136	62873	949	200
2026-09-01T09:24:16-05:00	3638	63874	403	200
2026-09-01T09:24:34-05:00	10436	66024	1024	200
2026-09-01T09:25:24-05:00	50087	68348	6227	200
2026-09-01T09:25:30-05:00	6232	74662	677	200
2026-09-01T09:25:33-05:00	2984	75616	304	200
2026-09-01T09:25:42-05:00	8379	75969	952	200
2026-09-01T09:25:54-05:00	12275	76939	1583	200
2026-09-01T09:25:57-05:00	2975	78843	296	200
2026-09-01T09:26:32-05:00	34637	79285	3223	200
2026-09-01T09:26:36-05:00	4619	83373	419	200
2026-09-01T09:26:40-05:00	3528	88041	161	200
2026-09-01T09:26:46-05:00	5718	92666	378	200
2026-09-01T09:26:48-05:00	2301	95648	1	200
2026-09-01T09:28:31-05:00	103140	45402	13107	200
2026-09-01T09:28:48-05:00	17284	8850	1957	200
2026-09-01T09:28:59-05:00	10939	51111	322	200
2026-09-01T09:29:05-05:00	5424	53393	458	200
2026-09-01T09:29:20-05:00	15084	57806	1295	200
2026-09-01T09:29:39-05:00	19482	60953	1839	200
2026-09-01T09:29:45-05:00	5201	65536	385	200
2026-09-01T09:30:11-05:00	26744	67052	2473	200
2026-09-01T09:30:47-05:00	35888	70642	3390	200
2026-09-01T09:31:00-05:00	12157	74484	1070	200
2026-09-01T09:32:14-05:00	74712	76780	7716	200
2026-09-01T09:32:18-05:00	3279	84550	233	200
2026-09-01T09:32:20-05:00	2583	84836	186	200
2026-09-01T09:32:37-05:00	17001	85396	1783	200
2026-09-01T09:32:52-05:00	14688	87465	781	200
2026-09-01T09:33:43-05:00	64578	38987	7155	200
2026-09-01T09:34:13-05:00	29332	33808	2536	200
2026-09-01T09:34:19-05:00	6639	41937	495	200
2026-09-01T09:34:22-05:00	2875	47182	140	200
2026-09-01T09:34:26-05:00	3474	52444	169	200
2026-09-01T09:34:29-05:00	3777	56800	250	200
2026-09-01T09:34:34-05:00	4407	61595	292	200
2026-09-01T09:34:38-05:00	4211	64073	389	200
2026-09-01T09:34:42-05:00	3466	66689	277	200
2026-09-01T09:34:47-05:00	114318	39025	13107	200
2026-09-01T09:34:57-05:00	10246	48523	175	200
2026-09-01T09:35:03-05:00	6222	49296	567	200
2026-09-01T09:35:41-05:00	58869	70120	5035	200
2026-09-01T09:35:47-05:00	6433	79525	423	200
2026-09-01T09:36:08-05:00	20539	83642	1789	200
2026-09-01T09:36:13-05:00	4304	86049	292	200
2026-09-01T09:36:16-05:00	3763	86464	258	200
2026-09-01T09:36:21-05:00	4412	86736	382	200
2026-09-01T09:36:26-05:00	5521	89056	423	200
2026-09-01T09:36:40-05:00	13051	89672	347	200
2026-09-01T09:37:34-05:00	53920	91782	3373	200
2026-09-01T09:37:46-05:00	76249	50135	3867	200
2026-09-01T09:38:05-05:00	19453	54864	1705	200
2026-09-01T09:38:15-05:00	9919	58247	803	200
2026-09-01T09:38:35-05:00	61836	29495	7643	200
2026-09-01T09:38:44-05:00	28256	60093	2587	200
2026-09-01T09:38:51-05:00	7477	66298	686	200
2026-09-01T09:38:53-05:00	2199	68011	106	200
2026-09-01T09:38:58-05:00	22911	14964	2240	200
2026-09-01T09:39:09-05:00	15804	0	0	200
2026-09-01T09:39:29-05:00	19593	68210	598	200
2026-09-01T09:39:34-05:00	5529	69435	343	200
2026-09-01T09:39:39-05:00	4372	69858	359	200
2026-09-01T09:39:43-05:00	4193	71036	320	200
2026-09-01T09:39:51-05:00	7620	71795	668	200
2026-09-01T09:39:56-05:00	5041	72488	392	200
2026-09-01T09:40:39-05:00	43671	73592	4251	200
2026-09-01T09:40:47-05:00	7942	79114	659	200
2026-09-01T09:40:52-05:00	4182	80414	306	200
2026-09-01T09:40:54-05:00	2618	80745	182	200
2026-09-01T09:40:58-05:00	3552	82372	244	200
2026-09-01T09:41:01-05:00	2893	83066	210	200
2026-09-01T09:41:10-05:00	131320	36151	10093	200
2026-09-01T09:41:15-05:00	5040	46268	183	200
2026-09-01T09:41:17-05:00	2138	47049	135	200
2026-09-01T09:41:19-05:00	2115	48022	135	200
2026-09-01T09:41:21-05:00	2208	48530	174	200
2026-09-01T09:41:27-05:00	6145	49147	467	200
2026-09-01T09:41:54-05:00	26158	50301	3062	200
2026-09-01T09:41:57-05:00	3324	53416	294	200
2026-09-01T09:42:00-05:00	2596	53775	260	200
2026-09-01T09:42:15-05:00	15285	54088	1931	200
2026-09-01T09:42:18-05:00	3464	56072	350	200
2026-09-01T09:42:23-05:00	4390	56598	493	200
2026-09-01T09:42:25-05:00	1782	57142	117	200
2026-09-01T09:42:27-05:00	2303	57379	174	200
2026-09-01T09:42:29-05:00	1588	57604	81	200
2026-09-01T09:42:31-05:00	1982	57967	143	200
2026-09-01T09:42:37-05:00	6465	58312	686	200
2026-09-01T09:42:45-05:00	104555	83638	9877	200
2026-09-01T09:43:09-05:00	23815	94354	1	200
2026-09-01T09:43:12-05:00	35352	60093	1464	200
2026-09-01T09:43:19-05:00	32297	6601	714	200
2026-09-01T09:43:30-05:00	43052	6188	2133	200
2026-09-01T09:43:39-05:00	52403	6221	1329	200
2026-09-01T09:43:55-05:00	42993	61687	238	200
2026-09-01T09:44:01-05:00	42619	18763	403	200
2026-09-01T09:44:32-05:00	61635	60614	1647	200
2026-09-01T09:44:41-05:00	61630	17538	722	200
2026-09-01T09:48:42-05:00	332609	51389	8239	200
2026-09-01T09:48:48-05:00	286183	22049	185	200
2026-09-01T09:49:07-05:00	311541	62086	367	200
2026-09-01T09:49:17-05:00	276074	30655	638	200
2026-09-01T09:49:29-05:00	46595	3656	1083	200
2026-09-01T09:49:33-05:00	45628	22737	166	200
2026-09-01T09:49:48-05:00	40900	62504	192	200
2026-09-01T09:49:59-05:00	326452	81819	2568	200
2026-09-01T09:50:08-05:00	39117	45101	182	200
2026-09-01T09:50:12-05:00	39102	23433	190	200
2026-09-01T09:50:27-05:00	38771	63727	180	200
2026-09-01T09:50:37-05:00	79480	37306	1440	200
2026-09-01T09:50:56-05:00	56954	105835	1	200
2026-09-01T09:51:09-05:00	56610	23649	263	200
2026-09-01T09:51:24-05:00	75940	46292	421	200
2026-09-01T09:51:34-05:00	67237	65002	189	200
2026-09-01T09:51:36-05:00	59786	51867	232	200
2026-09-01T09:51:42-05:00	32373	24366	207	200
2026-09-01T09:51:52-05:00	27812	47751	239	200
2026-09-01T09:52:09-05:00	72428	11689	1364	200
2026-09-01T09:53:06-05:00	91711	66174	6999	200
2026-09-01T09:53:28-05:00	111862	60721	911	200
2026-09-01T09:53:37-05:00	113929	25138	885	200
2026-09-01T09:53:42-05:00	110524	49060	193	200
2026-09-01T09:54:04-05:00	115063	29671	776	200
2026-09-01T09:54:25-05:00	78890	73198	1526	200
2026-09-01T09:54:40-05:00	62214	26130	1079	200
2026-09-01T09:54:58-05:00	76289	49902	1093	200
2026-09-01T09:55:09-05:00	64482	42723	358	200
2026-09-01T09:55:29-05:00	64526	74750	491	200
2026-09-01T09:55:41-05:00	60879	46846	311	200
2026-09-01T09:55:56-05:00	147810	73074	4146	200
2026-09-01T09:56:07-05:00	58580	51650	197	200
2026-09-01T09:56:26-05:00	57087	75268	279	200
2026-09-01T09:56:45-05:00	64343	56504	724	200
2026-09-01T09:57:10-05:00	74318	79638	663	200
2026-09-01T09:57:38-05:00	159915	53934	5434	200
2026-09-01T09:58:01-05:00	94770	76677	872	200
2026-09-01T09:58:29-05:00	104313	64628	1517	200
2026-09-01T09:58:49-05:00	98521	80694	121	200
2026-09-01T09:59:10-05:00	91982	59417	1335	200
2026-09-01T09:59:29-05:00	87752	77599	157	200
2026-09-01T09:59:45-05:00	75623	68712	184	200
2026-09-01T10:00:04-05:00	74822	80846	53	200
2026-09-01T10:00:19-05:00	68611	60850	390	200
2026-09-01T10:00:37-05:00	68250	78084	131	200
2026-09-01T10:00:54-05:00	69441	70697	228	200
2026-09-01T10:01:16-05:00	71726	81286	256	200
2026-09-01T10:01:34-05:00	74424	61467	773	200
2026-09-01T10:01:56-05:00	348966	53024	6849	200
2026-09-01T10:02:15-05:00	80997	75684	157	200
2026-09-01T10:02:17-05:00	82242	15041	1	200
2026-09-01T10:02:40-05:00	84543	81606	290	200
2026-09-01T10:02:53-05:00	135677	78949	1503	200
2026-09-01T10:03:11-05:00	97241	62288	382	200
2026-09-01T10:03:31-05:00	75227	79993	130	200
2026-09-01T10:03:33-05:00	73103	15041	1	200
2026-09-01T10:03:59-05:00	79238	90990	303	200
2026-09-01T10:04:19-05:00	86495	80469	136	200
2026-09-01T10:04:43-05:00	92070	63177	1095	200
2026-09-01T10:05:09-05:00	98664	84833	532	200
2026-09-01T10:05:11-05:00	96618	15079	1	200
2026-09-01T10:05:36-05:00	96759	91408	100	200
2026-09-01T10:05:56-05:00	96536	81248	102	200
2026-09-01T10:06:19-05:00	95980	64744	1081	200
2026-09-01T10:06:45-05:00	95802	95045	1	200
2026-09-01T10:06:47-05:00	93717	15041	1	200
2026-09-01T10:08:53-05:00	105496	0	0	502
2026-09-01T10:09:18-05:00	441628	69699	4831	200
2026-09-01T10:09:19-05:00	222832	104728	1	200
2026-09-01T10:09:37-05:00	220538	81809	116	200
2026-09-01T10:10:11-05:00	205448	19506	1639	200
2026-09-01T10:10:31-05:00	72127	25787	2105	200
2026-09-01T10:11:44-05:00	146329	84404	10827	200
2026-09-01T10:12:08-05:00	151353	82175	1003	200
2026-09-01T10:12:16-05:00	124980	25226	245	200
2026-09-01T10:12:38-05:00	53857	95334	1	200
2026-09-01T10:12:59-05:00	50699	83228	251	200
2026-09-01T10:13:03-05:00	47154	25564	67	200
2026-09-01T10:13:21-05:00	170214	20234	2196	200
2026-09-01T10:13:43-05:00	44004	83530	297	200
2026-09-01T10:13:48-05:00	45187	25651	229	200
2026-09-01T10:13:57-05:00	35655	42292	301	200
2026-09-01T10:14:01-05:00	82735	18659	3385	200
2026-09-01T10:14:20-05:00	36893	84798	501	200
2026-09-01T10:14:41-05:00	44177	53707	734	200
2026-09-01T10:14:47-05:00	58921	30390	943	200
2026-09-01T10:15:10-05:00	68658	32894	475	200
2026-09-01T10:15:20-05:00	59898	85960	317	200
2026-09-01T10:15:31-05:00	49002	62251	433	200
2026-09-01T10:15:50-05:00	63529	31891	972	200
2026-09-01T10:16:19-05:00	69116	70773	2865	200
2026-09-01T10:16:43-05:00	83713	86593	1119	200
2026-09-01T10:17:00-05:00	89695	72114	271	200
2026-09-01T10:17:26-05:00	66577	73711	653	200
2026-09-01T10:17:48-05:00	117779	37619	862	200
2026-09-01T10:18:09-05:00	85191	87764	307	200
2026-09-01T10:18:28-05:00	87638	75786	357	200
2026-09-01T10:18:50-05:00	84205	75070	1624	200
2026-09-01T10:19:18-05:00	89301	44729	3990	200
2026-09-01T10:19:40-05:00	91713	88286	994	200
2026-09-01T10:19:59-05:00	90685	83414	200	200
